-- phpMyAdmin SQL Dump
-- version 5.2.1
-- https://www.phpmyadmin.net/
--
-- Host: 127.0.0.1
-- Generation Time: Sep 08, 2024 at 07:58 AM
-- Server version: 10.4.32-MariaDB
-- PHP Version: 8.2.12

SET SQL_MODE = "NO_AUTO_VALUE_ON_ZERO";
START TRANSACTION;
SET time_zone = "+00:00";


/*!40101 SET @OLD_CHARACTER_SET_CLIENT=@@CHARACTER_SET_CLIENT */;
/*!40101 SET @OLD_CHARACTER_SET_RESULTS=@@CHARACTER_SET_RESULTS */;
/*!40101 SET @OLD_COLLATION_CONNECTION=@@COLLATION_CONNECTION */;
/*!40101 SET NAMES utf8mb4 */;

--
-- Database: `kma_records_management`
--

-- --------------------------------------------------------

--
-- Table structure for table `departments`
--

CREATE TABLE `branches` (
  `id` int(11) NOT NULL,
  `name` varchar(100) NOT NULL,
  `code` varchar(20) NOT NULL,
  `prefix` varchar(20) NOT NULL
) ENGINE=InnoDB DEFAULT CHARSET=utf8mb4 COLLATE=utf8mb4_general_ci;

INSERT INTO `branches` (`id`, `name`, `code`, `prefix`) VALUES
(1, 'Main Office', 'KMA', 'KMA'),
(2, 'Bantama Sub Metro', 'KMA.B', 'KMA.B'),
(3, 'Manhyia North Sub Metro', 'KMA.MN', 'KMA.MN'),
(4, 'Nhyiaeso Sub Metro', 'KMA.N', 'KMA.N'),
(5, 'Subin Sub Metro', 'KMA.S', 'KMA.S'),
(6, 'Manhyia South Sub Metro', 'KMA.MS', 'KMA.MS');

CREATE TABLE `departments` (
  `id` int(11) NOT NULL,
  `name` varchar(100) NOT NULL,
  `branch_id` int(11) NOT NULL DEFAULT 1
) ENGINE=InnoDB DEFAULT CHARSET=utf8mb4 COLLATE=utf8mb4_general_ci;

--
-- Dumping data for table `departments`
--

INSERT INTO `departments` (`id`, `name`) VALUES
(1, 'ADMINISTRATION '),
(8, 'PLANNING'),
(9, 'PROCUREMENT & STORES'),
(10, 'RECORDS MGT     '),
(11, 'MIS'),
(12, 'ESTATE & TRANSPORT MGT'),
(13, 'LOGISTICS & SECURITY MGT     '),
(14, 'ASSEMBLY AFFAIRS    '),
(15, 'PERSONNEL MGT   '),
(16, 'PERSONNEL WELFARE '),
(17, 'TRAINING & DEVELOPMENT    '),
(18, 'TREASURY      '),
(19, ' REVENUE MOBILIZATION    '),
(20, 'LEVIES              '),
(21, 'BUDGET MGT       '),
(22, 'INTERNAL AUDIT    '),
(23, 'EXTERNAL AUDIT   '),
(24, 'LEGAL ADVICE   '),
(25, 'LITIGATION MGT    '),
(26, 'BUILDING          '),
(27, 'WATER      '),
(28, 'T & CP              '),
(29, 'P & G      '),
(30, 'HOUSING ADMINISTRATION     '),
(31, 'ROAD MAINTENANCE '),
(32, 'ROAD TRAFFIC INFRASTRATURE     '),
(33, 'ROAD CONTRACT MGT '),
(34, 'CO-OPERATIVES     '),
(35, '		 COTTAGE INDUSTRY '),
(36, 'TOURISM   '),
(37, 'TRANSPORT PLANNING '),
(38, 'TRANSPORT OPERATIONS  '),
(39, 'TRAFFIC MGT & SAFETY '),
(40, 'WOMEN/YOUTH IN AGRIC        '),
(41, 'ANIMAL HEALTH & PRODUCTION   '),
(42, 'CROP SERVICES  '),
(43, 'AGRIC EXTENSION '),
(44, 'AGRIC ENGINEERING '),
(45, 'FIELD OPERATIONS '),
(46, 'DATA ENTRY ANALYSIS     '),
(47, 'REPORTS   '),
(48, 'BIRTH REGISTRATION '),
(49, 'DEATH REGISTRATION '),
(50, 'EDUCATION '),
(51, 'YOUTH  '),
(52, 'SPORTS  '),
(53, 'LIBRARY  '),
(54, 'SOCIAL WELFARE '),
(55, 'COMMUNITY DEV’T '),
(56, 'DMOH     '),
(57, 'ENVIRONMENTAL HEALTH    '),
(58, 'INTERNAL DISASTER '),
(59, 'REFUGEE MGT   '),
(60, 'OPERATIONAL'),
(61, 'SUPPORT SERVICES '),
(62, 'FORESTRY   '),
(63, 'GAME & WILDLIFE ');

-- --------------------------------------------------------

--
-- Table structure for table `incoming_files`
--

CREATE TABLE `incoming_files` (
  `id` int(11) NOT NULL,
  `serial_number` varchar(50) NOT NULL,
  `date_of_letter` date NOT NULL,
  `date_received` date NOT NULL,
  `from_whom_received` varchar(255) NOT NULL,
  `institution_reference` varchar(100) NOT NULL,
  `subject` varchar(255) NOT NULL,
  `department_id` int(11) DEFAULT NULL,
  `transaction_id` int(11) DEFAULT NULL,
  `branch_id` int(11) NOT NULL DEFAULT 1,
  `file_reference` varchar(100) DEFAULT NULL,
  `folio` varchar(50) DEFAULT NULL,
  `file_path` varchar(255) DEFAULT NULL,
  `action_taken` tinyint(1) DEFAULT 0,
  `created_at` timestamp NOT NULL DEFAULT current_timestamp()
) ENGINE=InnoDB DEFAULT CHARSET=utf8mb4 COLLATE=utf8mb4_general_ci;

-- --------------------------------------------------------

--
-- Table structure for table `outgoing_files`
--

CREATE TABLE `outgoing_files` (
  `id` int(11) NOT NULL,
  `serial_number` varchar(255) NOT NULL,
  `date_dispatched` date NOT NULL,
  `date_received_for_dispatch` date NOT NULL,
  `subject` text NOT NULL,
  `addressee` varchar(255) DEFAULT NULL,
  `mode_of_dispatch` varchar(255) DEFAULT NULL,
  `department_id` int(11) DEFAULT NULL,
  `transaction_id` int(11) DEFAULT NULL,
  `branch_id` int(11) NOT NULL DEFAULT 1,
  `file_reference` varchar(255) DEFAULT NULL,
  `folio` varchar(255) DEFAULT NULL,
  `file_path` varchar(255) DEFAULT NULL,
  `action_taken` tinyint(1) DEFAULT 0,
  `created_at` timestamp NOT NULL DEFAULT current_timestamp()
) ENGINE=InnoDB DEFAULT CHARSET=utf8mb4 COLLATE=utf8mb4_general_ci;

-- --------------------------------------------------------

--
-- Table structure for table `transactions`
--

CREATE TABLE `transactions` (
  `id` int(11) NOT NULL,
  `department_id` int(11) DEFAULT NULL,
  `branch_id` int(11) NOT NULL DEFAULT 1,
  `name` varchar(100) NOT NULL,
  `reference_no` varchar(50) DEFAULT NULL
) ENGINE=InnoDB DEFAULT CHARSET=utf8mb4 COLLATE=utf8mb4_general_ci;

--
-- Dumping data for table `transactions`
--

INSERT INTO `transactions` (`id`, `department_id`, `name`, `reference_no`) VALUES
(4, 1, 'ACCOMODATION – RESIDENTIAL', 'KMA.01/10/01/02'),
(5, 1, 'ACCOMMODATION – OFFICE', 'KMA.01/10/01/01'),
(6, 8, 'ACTION PLANS', 'KMA.01/20/01'),
(7, 8, 'MONITORING AND EVALUATION REPORTS/PLAN', 'KMA.01/20/02'),
(9, 8, 'DPAT WORKPLAN', 'KMA.01/20/04'),
(10, 1, 'ACCOMMODATION – OFFICE	', 'KMA.01/10/01/01'),
(11, 1, '	ACCOMODATION – RESIDENTIAL	', 'KMA.01/10/01/02'),
(12, 1, '	ANNUAL PERFORMANCE REPORT	', 'KMA.01/10/03'),
(13, 1, '	ARMS/ AMMUNITION PERMITS', '	KMA.01/10/04'),
(14, 1, '	BOARD OF SURVEY	', 'KMA.01/10/05'),
(15, 1, '	BOARD OF GOVERNORS	', 'KMA.01/10/06'),
(16, 1, '	CHIEFTANCY	', 'KMA.01/10/07'),
(17, 1, '	CIRCULARS', '	KMA.01/10/08'),
(18, 1, '	CIRCULARS – MDAS, ECG, GWCL ,GACL, EPA,		', 'KMA.01/10/08/01'),
(19, 1, '	CIRCULARS (LOCAL GOVERNMENT)	', 'KMA.01/10/08/03'),
(20, 1, '	CIRCULARS (RCC)	', 'KMA.01/10/08/04'),
(21, 1, '	CIRCULARS (MMDAs)	', 'KMA.01/10/08/05'),
(22, 1, '	CIRCULARS (PRESS RELEASE)', '	KMA.OI/10/08/06'),
(23, 1, '	CIRCULARS (OFFICE OF THE PRESIDENT)	', 'KMA.01/10/08/07'),
(24, 1, '	CLIENT SERVICE	', 'KMA.01/10/09'),
(25, 1, '	COMPLAINTS / PETITIONS', '	KMA.01/10/10'),
(26, 1, '	CONFERENCE / WORKSHOPS – FOREIGN (SISTER CITY)	', 'KMA.01/10/11/01'),
(27, 1, '	CONFERENCE / WORKSHOP – LOCAL	', 'KMA.01/10/12/02'),
(28, 1, '	EXHIBITION AND FAIRS	', 'KMA.01/10/13'),
(29, 1, '	HANDING OVER NOTES	', 'KMA.01/10/14'),
(30, 1, '	HONOURS / AWARDS	', 'KMA.01/10/15'),
(31, 1, '	INTERNAL MEMOS / CIRCULARS	', 'KMA.01/10/16'),
(32, 1, '	DEPARTMENTAL REPORTS', '	KMA.01/10/17'),
(33, 1, '	LETTER OF APPRECIATION	', 'KMA.01/10/18'),
(34, 1, '	PUBLIC INVITATION	', 'KMA.01/10/19'),
(35, 1, '	PERMISSION TO TRAVEL	', 'KMA.01/10/20'),
(36, 1, '	INTRODUCTORY/RECOMMENDATION	', 'KMA.01/10/21'),
(37, 1, '	TOURS & VISIT	', 'KMA.01/10/22'),
(38, 1, '	REQUEST FOR ASSISTANCE	', 'KMA.01/10/23'),
(39, 1, '	MANAGEMENT MEETING 	', 'KMA.01/10/26'),
(40, 1, '	SPEECH', '	KMA.01/10/25'),
(41, 1, '	INTRODUCTION OF COMPANIES	', 'KMA.01/10/26'),
(42, 1, '	CELEBRATIONS / ANNIVERSARIES	', 'KMA.01/10/27'),
(44, 1, '	TENANCY AGREEMENT	', 'KMA.01/10/29'),
(45, 1, '	PUBLIC RELATIONS PROGRAMME 	', 'KMA.01/10/30'),
(46, 1, '	AUCTIONS	', 'KMA.01/10/31'),
(47, 1, '	RIGHT TO INFORMATION (RTI)	', 'KMA.01/10/32'),
(52, 9, 'PROCUREMENT GUIDELINES	', 'KMA.01/30/01'),
(63, 10, '	RECORDS MANAGEMENT PROGRAMS	', 'KMA.01/40/01'),
(67, 8, '	METRO PLANNING CO-ORDINATING UNIT (MPCU)	', 'KMA.01/20/03'),
(68, 9, '	PROCUREMENT PLANNING	', 'KMA.01/30/02'),
(69, 9, '	ASSETS REGISTER	', 'KMA.01/30/03'),
(70, 9, '	REQUEST FOR QUOTATIONS (Case File)	', 'KMA.01/30/04'),
(71, 9, '	TENDERS (Case Files)	', 'KMA.01/30/05'),
(72, 9, '	ENTITY TENDER COMMITTEE	', 'KMA.01/30/06'),
(73, 9, '	TENDER REVIEW BOARD	', 'KMA.01/30/07'),
(75, 9, '	PUBLIC PRIVATE PARTNERSHIP', '	KMA.01/30/09'),
(78, 9, '	AWARD OF CONTRACT	', 'KMA.01/30/08'),
(79, 9, '	UNSUCCESSFUL TENDERS', '	KMA.01/30/10'),
(80, 9, '	PUBLIC PROCUREMENT AUTHORITY	', 'KMA.01/30/11'),
(81, 10, '	TRANSFER OF RECORDS	', 'KMA.01/40/02'),
(82, 10, '	RECORDS MANAGEMENT UNIT  REPORTS	', 'KMA.01/40/03'),
(83, 11, '	MIS POLICY', '	KMA.01/50/01'),
(84, 11, '	MIS REPORTS	', 'KMA.01/50/02'),
(85, 11, '	MIS MAINTENANCE	', 'KMA.01/50/03'),
(86, 12, 'OFFICIAL VEHICLES	', 'KMA.01/60/01'),
(87, 12, '	HIRING OF VEHICLES	', 'KMA.01/60/02'),
(88, 12, '	MAINTENANCE OF VEHICLES	', 'KMA.01/60/03'),
(89, 12, '	HIRING OF FACILITY (PREMPEH ASSEMBLY HALL/JUBILEE PARK)	', 'KMA.01/60/04'),
(90, 12, '	PUBLIC FACILITIES	', 'KMA.01/60/05'),
(91, 12, '	CHANGE OF OWNERSHIP	', 'KMA.01/60/06'),
(92, 12, '	KUMASI CITY MARKET LTD (KCML)	', 'KMA.01/60/07'),
(94, 12, '	REDEVELOPMENT & MODERNISATION OF KUMASI CENTRAL MARKET –PHASE II	', 'KMA.01/60/08'),
(95, 13, '	MMDA SECURITY POLICY	', 'KMA.01/70/01'),
(96, 13, '	METRO SECURITY COUNCIL (METSEC)	', 'KMA.01/70/02'),
(97, 13, '	REGIONAL SECURITY COUNCIL (REGSEC)	', 'KMA.01/70/03'),
(98, 13, '	WIRELESS MESSAGE	', 'KMA.01/70/04'),
(100, 13, '	SECURITY AGENCIES	', 'KMA.01/70/05'),
(101, 14, 'ASSEMBLY MEETINGS	', 'KMA.01/80/01'),
(103, 14, '	AUTHORITY COMMITTEE', '	KMA.01/80/01/01'),
(105, 14, '	PUBLIC RELATIONS & COMPLAINTS COMMITTEE	', 'KMA.01/80/01/02'),
(106, 14, '	SUB-COMMITTEES	', 'KMA.01/80/02'),
(107, 14, '	FINANCE & ADMINISTRATION (F&A) S/C	', 'KMA.01/80/02/01'),
(108, 14, '	DEVELOPMENT PLANNING S/C', 'KMA.01/80/02/02'),
(109, 14, '	WORKS SUB-COMMITTEE	', 'KMA.01/80/02/03'),
(110, 14, '	JUSTICE & SECURITY S/C', '	KMA.01/80/02/04'),
(111, 14, '	SOCIAL SERVICES SUB-COMMITTEE', '	KMA.01/80/02/05'),
(112, 14, '	TRANSPORT SUB-COMMITTEE	', 'KMA.01/80/02/06'),
(113, 14, '	EDUCATION SUB-COMMITTEE	', 'KMA.01/80/02/07'),
(114, 14, '	ENVIRONMENT SUB-COMMITTEE	', 'KMA.01/80/02/08'),
(115, 14, '	TRADE & INDUSTRY/ MARKET S/C	', 'KMA.01/80/02/09'),
(116, 14, '	YOUTH & SPORTS SUB-COMMITTEE', '	KMA.01/80/02/10'),
(117, 14, '	SUB METRO COUNCILS	', 'KMA.01/80/03'),
(118, 14, '	SUBIN SUB-METRO. COUNCIL	', 'KMA.01/80/03/01'),
(119, 14, '	NHYIAESO SUB-METRO. COUNCIL', '	KMA.01/80/03/02'),
(120, 14, '	BANTAMA SUB-METRO.COUNCIL	', 'KMA.01/80/03/03'),
(121, 14, '	MANHYIA NORTH SUB-METRO. COUNCIL	', 'KMA.01/80/03/04'),
(122, 14, '	MANHYIA SOUTH SUB-METRO. COUNCIL', '	KMA.01/80/04/05'),
(123, 14, '	ASSEMBLY MEMBERS REQUEST	', 'KMA.01/80/04'),
(124, 14, '	NATIONAL ASSOCIATION OF LOCAL AUTHORITIES OF GHANA (NALAG)', '	KMA.01/80/05'),
(125, 15, '	HUMAN RESOURCE PLANS', '	KMA.02/10/01'),
(126, 15, '	HUMAN RESOURCE POLICY	', 'KMA.02/10/02'),
(127, 15, '	APPLICATION FOR EMPLOYMENT	', 'KMA.02/10/03'),
(128, 15, '	RECRUITMENTS (GOG)	', 'KMA.02/10/04'),
(129, 15, '	APPOINTMENTS (GOG)	', 'KMA.02/10/05'),
(130, 15, '	APPOINTMENTS (INTERNAL)	', 'KMA.02/10/05/01'),
(131, 15, '	RECRUITMENTS (IGF)	', 'KMA.02/10/06'),
(132, 15, '	LEAVES', '	KMA.02/10/07'),
(133, 15, '	POSTINGS/TRANSFERS	', 'KMA.02/10/08'),
(134, 15, '	PROMOTIONS/INTERVIEWS/EXAMINATIONS	', 'KMA.02/10/09'),
(135, 15, '	UPGRADING/CONVERSIONS	', 'KMA.02/10/10'),
(136, 15, '	SCHOLARSHIPS	', 'KMA.02/10/11'),
(137, 15, '	STAFF DURBARS	', 'KMA.02/10/12'),
(138, 15, '	RESIGNATION/VACATION OF POSTS', '	KMA.02/10/13'),
(139, 15, '	PERFORMANCE CONTRACT	', 'KMA.02/10/14/01'),
(140, 15, '	STAFF PERFORMANCE APPRAISAL	', 'KMA.02/10/14/02'),
(141, 15, '	NATIONAL SERVICE SCHEME	', 'KMA.02/10/15'),
(142, 15, '	INDUSTRIAL ATTACHMENTS	', 'KMA.02/10/16'),
(143, 15, '	HUMAN RESOURCE MANAGEMENT INFORMATION SYSTEMS (HRMIS)	', 'KMA.02/10/17'),
(144, 16, '	APPLICATION FOR LOANS (STAFF)	', 'KMA.02/20/01'),
(145, 16, '	FUNERAL GRANTS	', 'KMA.02/20/02'),
(146, 16, '	ORGANIZATIONAL MANUAL', '	KMA.02/20/03'),
(147, 16, '	SALARY AND WAGES	', 'KMA.02/20/04'),
(148, 16, '	STAFF LIST	', 'KMA.02/20/05'),
(149, 1, '	STAFF ASSOCIATIONS/UNIONS (CLOGSAG/LGWU OF TUC)', '	KMA.02/20/06'),
(150, 16, '	STAFF WELFARE FUND	', 'KMA.02/20/07'),
(151, 16, '	FUNERAL/BEREAVEMENT', '	KMA.02/20/08'),
(152, 16, '	PENSIONS/RETIREMENT	', 'KMA.02/20/09'),
(153, 16, '	TRANSFER GRANT	', 'KMA.02/20/10'),
(154, 17, 'TRAINING PLANS	', 'KMA.02/30/01'),
(155, 17, '	SCHEME OF SERVICE TRAINING	', 'KMA.02/30/02'),
(156, 17, '	LOCAL TRAINING	', 'KMA.02/30/03'),
(157, 17, '	FOREIGN TRAINING	', 'KMA.02/30/04'),
(158, 18, 'TREASURY       (10)	ANNUAL FINANCIAL STATEMENTS	', 'KMA.03/10/01'),
(159, 18, '	APPLICATION FOR LOAN	', 'KMA.03/10/02'),
(160, 18, '	BANK ACCOUNTS AND RELATED MATTERS	', 'KMA.03/10/03'),
(161, 18, '	DISBURSEMENT OF COMMON FUND', '	KMA.03/10/04'),
(162, 18, '	DISBURSEMENT OF IMPREST (PETTY CASH)	', 'KMA.03/10/05'),
(163, 18, '	PENSION CONTRIBUTIONS (SSNIT)	', 'KMA.03/10/12'),
(164, 18, '	WARRANTS & RELEASES	', 'KMA.03/10/13'),
(165, 18, '	GHANA INTEGRATED FINANCIAL MANAGEMENT SYSTEM (GIFMIS)	', 'KMA.03/10/14'),
(166, 19, 'REVENUE MOBILISATION PLAN	', 'KMA.03/20/01'),
(167, 19, '	REVENUE MOBILISATION COMMITTEE	', 'KMA.03/20/02'),
(168, 19, '	REVENUE MOBILISATION REPORTS', '	KMA.03/20/03'),
(169, 19, '	CEDED REVENUE	', 'KMA.03/20/04'),
(170, 19, '	REVENUE CIRCULARS', '	KMA.03/20/05'),
(171, 20, 'FEE FIXING RESOLUTION	', 'KMA.03/30/01'),
(172, 20, '	FEES & FINES	', 'KMA.03/30/02'),
(173, 20, '	LICENCING', '	KMA.03/30/03'),
(174, 20, '	TOLLS	', 'KMA.03/30/04'),
(175, 20, '	PERMITS (BUSINESS OPERATING)', '	KMA.03/30/05'),
(176, 20, '	PROPERTY RATE', '	KMA.03/30/06'),
(177, 21, 'BUDGET ESTIMATES	', 'KMA.04/10/01'),
(178, 21, '	ANNUAL BUDGET PLANS	', 'KMA.04/10/02'),
(179, 21, '	BUDGET COMMITTEE', '	KMA.04/10/03'),
(180, 21, '	BUDGET CIRCULARS', '	KMA.04/10/04'),
(181, 22, '	AUDIT PLANS	', 'KMA.05/10/01'),
(182, 22, '	AUDIT COMMIITTEE	', 'KMA.05/10/02'),
(183, 22, '	INTERNAL  AUDIT REPORTS	', 'KMA.05/10/03'),
(184, 23, 'EXTERNAL AUDIT REPORTS	', 'KMA.05/20/01'),
(185, 23, '	AUDIT WORKING PAPERS	', 'KMA.05/20/02'),
(186, 23, '	SPECIAL AUDITS', '	KMA.05/20/03'),
(187, 24, '	ASSEMBLY BYE-LAWS	', 'KMA.06/10/01'),
(188, 24, '	LEGAL OPINION & ADVICE	', 'KMA.06/10/02'),
(189, 25, '	PROSECUTIONS/CLAIMS AGAINST THE ASSEMBLY (Case Files)', '	KMA.06/20/01'),
(190, 25, '	PROSECUTIONS/CLAIMS BY THE ASSEMBLY (Case Files)', '	KMA.06/20/02'),
(191, 26, 'MMDA WORKS POLICY	', 'KMA.07/10/01'),
(192, 26, '	WORKS PLANS	', 'KMA.07/10/02'),
(193, 26, '	WORKS MAINTENANCE & REPAIRS', '	KMA.07/10/03'),
(194, 26, '	REGISTRATION & MAINTENANCE OF PUBLIC BUILDINGS', '	KMA.07/10/04'),
(195, 26, '	BUILDING PERMITS	', 'KMA.07/10/05'),
(196, 26, '	UPGRADE OF SLUMPS	', 'KMA.07/10/06'),
(197, 26, '	ADVERTISEMENT	', 'KMA.07/10/07'),
(198, 26, '	UNAUTHORISE / TEMPORAL STRUCTURES	', 'KMA.07/10/08'),
(199, 26, '	SITE MEETINGS	', 'KMA.07/10/09'),
(200, 26, '	ELECTRICALS	', 'KMA.07/10/10'),
(201, 27, '	PROVISION & MAINTENANCE OF WATER SUPPLIES	', 'KMA.07/20/01'),
(202, 27, '	MAINTAINANCE OF BOREHOLES	', 'KMA.07/20/02'),
(203, 27, '	DIGGING OF BURROW PITS (ADVICE)	', 'KMA.07/20/03'),
(204, 28, 'MMDA WORKS POLICY	', 'KMA.08/10/01'),
(205, 28, '	SPATIAL PLANNING COMMITTEE	', 'KMA.08/10/02'),
(206, 28, '	PLANNING ACTIVITIES	', 'KMA.08/10/03'),
(207, 28, '	STREET/HOUSE NAMING ADDRESSING	', 'KMA.08/10/04'),
(208, 28, '	LAND MATTERS	', 'KMA.08/10/05'),
(209, 28, '	BUILDING PERMITS	', 'KMA.08/10/06'),
(210, 28, '	TECHNICAL SUB COMMITTEE	', 'KMA.08/10/07'),
(211, 28, '	LAND USE AND SPARTIAL PALNNING AUTHORITY (LUPSA)', '	KMA.08/10/08'),
(212, 29, 'PARKS AND GARDEN	', 'KMA.08/20/01'),
(213, 30, '	HOUSING ADMINISTRATION	', 'KMA.09/10/01'),
(214, 31, '	MAINTENANCE OF ROADS	', 'KMA.10/10/01'),
(215, 31, '	CONSULTANCY SERVICES	', 'KMA.10/10/02'),
(216, 32, '	ROAD TRAFFIC INFRASTRUCTURE', '	KMA.10/20/01'),
(217, 33, '	GENERAL MATTERS (N0N-CASE SPECIFIC)	', 'KMA.10/30/01'),
(218, 33, '	FEEDER ROADS	', 'KMA.10/30/02'),
(219, 33, '	URBAN ROADS', '	KMA.10/30/03'),
(220, 33, '	GHANA ROADS & HIGHWAYS AUTHORITY', '	KMA.10/30/04'),
(221, 34, '	VOCATIONAL TRAINING	', 'KMA.11/10/01'),
(222, 34, '	INCOME GENERATING ACTIVITIES FOR WOMEN	', 'KMA.11/10/02'),
(223, 34, '	REGISTRATION OF ASSOCIATION	', 'KMA.11/10/03'),
(224, 34, '	BUSINESS ADVISORY CENTRE', '	KMA.11/10/04'),
(225, 34, '	ADULT EDUCATION	', 'KMA.11/10/05'),
(226, 35, '	SMALL SCALE BUSINESS	', 'KMA.11/20/01'),
(227, 35, '	RURAL ENTERPRISE PROGRAMME', '	KMA.11/20/02'),
(228, 35, '	COMMUNITY INITIATED PROJECTS	', 'KMA.11/20/03'),
(229, 36, 'TOURISM	', 'KMA.11/30/01'),
(230, 37, 'TRANSPORT UNION	', 'KMA.12/10/01'),
(231, 38, '	TRANSPORT OPERATORS	', 'KMA.12/10/02'),
(232, 37, '	FUELS AND LUBRICANTS (T.O)', '	KMA.12/10/03'),
(233, 37, '	REQUEST FOR VEHICLE (T.O)	', 'KMA.12/10/04'),
(234, 37, '	BUS RAPID TRANSIT (BRT)- (T.O)	', 'KMA.12/10/05'),
(235, 38, 'REGISTRATION OF UNIONS	', 'KMA.12/20/01'),
(236, 38, '	PROCUREMENT OF STICKERS FOR THE UNIONS	', 'KMA.12/20/02'),
(237, 38, '	EMBOSSIMENT OF STICKERS', '	KMA.12/20/03'),
(238, 39, '	ROAD SAFETY MANAGEMENT', '	KMA.12/30/01'),
(239, 39, '	ROAD SAFETY SENSITIZATION	', 'KMA.12/30/02'),
(240, 40, '	WOMEN IN AGRIC	', 'KMA.13/10/01'),
(241, 40, '	YOUTH IN AGRIC', '	KMA.13/10/02'),
(242, 41, '	LIVESTOCK PRODUCTION	', 'KMA.13/20/01'),
(243, 41, '	VETERINARY FOR FOOD AND JOB	', 'KMA.13/20/02'),
(244, 42, 'CROP PRODUCTION	', 'KMA.13/30/01'),
(245, 42, '	PLANTING FOR FOOD AND JOB	', 'KMA.13/30/02'),
(246, 42, '	PLANTING FOR EXPORT AND RURAL DEVELOPMENT	', 'KMA.13/30/03'),
(247, 43, 'AGRIC EXTENSION ACTIVITIES	', 'KMA.13/40/01'),
(249, 44, '	AGRIC ENGINEERING', '	KMA.13/50/01'),
(250, 45, 'SURVEY PREPARATION	', 'KMA.14/10/01'),
(251, 45, '	SURVEY EXECUTION	', 'KMA.14/10/02'),
(252, 46, '	ASSIST IN DEPARTMENTAL UNITS OF THE MMDAs DATABANK	', 'KMA.14/20/01'),
(253, 46, '	DESIGN AND VALIDATE DATA COLLECTION INSTRUMENTS	', 'KMA.14/20/02'),
(254, 46, '	ESTABLISH AND MAINTAIN A COMPREHENSIVE DISTRICT DATABASE	', 'KMA.14/20/03'),
(255, 47, 'BIRTH REGISTRATION', '	KMA.15/10/01'),
(256, 49, 'DEATH REGISTRATION	', 'KMA.15/20/01'),
(257, 50, 'GHANA EDUCATION SERVICE	', 'KMA.16/10/01'),
(258, 50, '	GHANA EDUCATION SERVICE (BASIC AND JHS)	', 'KMA.16/10/01/01'),
(259, 50, '	GHANA EDUCATION SERVICE (SENIOR HIGH SCHOOL)', '	KMA.16/10/01/02'),
(260, 50, '	SCHOOL FEEDING PROGRAMME	', 'KMA.16/10/02'),
(261, 50, '	PRIVATE INSTITUTIONS	', 'KMA.16/10/03'),
(262, 50, '	NON-FORMAL EDUCATION', '	KMA.16/10/04'),
(263, 50, '	GHANA EDUCATION TRUST FUND (GETFund)	', 'KMA.16/10/05'),
(264, 50, '	TERTIARY INSTITUTIONS	', 'KMA.16/10/06'),
(265, 50, '	METROPOLITAN EDUCATION OVERSIGHT COMMITTEE (MEOC)	', 'KMA.16/10/07'),
(266, 51, 'NATIONAL YOUTH AUTHORITY', '	KMA.16/20/01'),
(267, 51, '	NATIONAL YOUTH EMPLOYMENT	', 'KMA.16/20/02'),
(268, 52, 'SPORTS', '	KMA.16/30/01'),
(269, 53, 'LIBRARY	', 'KMA.16/40/01'),
(270, 54, '	REGISTRATION OF THE PHYSICALLY CHALLENGE	', 'KMA.17/10/01'),
(271, 54, '	RECONCILIATION OF FAMILIES	', 'KMA.17/10/02'),
(272, 54, '	CHILD WELFARE (CHILD LABOUR & TRAFFICKING           ', '	KMA.17/10/03'),
(273, 54, '	REGISTRATION AND MONITORING OF DAY CARE CENTRES', '	KMA.17/10/04'),
(274, 54, '	SOCIAL WELFARE PROJECTS	', 'KMA.17/10/05'),
(275, 55, '	COMMUNITY BASED ORGANIZATION', '	KMA.17/20/01'),
(276, 55, '	NON-GOVERNMENT ORAGANISATION	', 'KMA.17/20/02'),
(277, 55, '	REGISTRATION OF MARRIAGES', '	KMA.17/20/03'),
(278, 55, '	REGISTRATION OF CHURCHES', '	KMA.17/20/04'),
(279, 55, '	POOR AND VULNERABLE	', 'KMA.17/20/05'),
(280, 55, '	ORPHANAGES/CHILDREN VILLAGE	', 'KMA.17/20/06'),
(281, 55, '	TEENAGE COUNSELLING	', 'KMA.17/20/07'),
(282, 55, '	COMMUNITY DEVELOPMENT PROJECTS	', 'KMA.17/20/08'),
(283, 56, 'HEALTH COMMITTEE', '	KMA.18/10/01'),
(284, 56, '	MINISTRY OF HEALTH/GHANA HEALTH SERVICE	', 'KMA.18/10/02'),
(285, 56, '	SENSITIZATION PROGRAMME	', 'KMA.18/10/03'),
(286, 56, '	VACCINATION EXERCISE	', 'KMA.18/10/04'),
(287, 56, '	NATIONAL HEALTH INSURANCE UNIT	', 'KMA.18/10/05'),
(288, 56, '	HEALTH PROJECTS	', 'KMA.18/10/06'),
(289, 56, '	HIV /AIDS PROGRAMME	', 'KMA.18/10/07'),
(290, 57, 'APPLICATION TO OPERATE AS A FOOD VENDOR	', 'KMA.18/20/01'),
(291, 57, '	HEALTH CERTIFICATE', '	KMA.18/20/02'),
(292, 57, '	INSPECTION OF FACILITIES	', 'KMA.18/20/03'),
(293, 57, '	NUISANCE (NOISE)	', 'KMA.18/20/04'),
(294, 57, '	CONTROL OF STRAY ANIMALS (DISINFECTION AND DISINFESTATION)	', 'KMA.18/20/05'),
(295, 57, '	CLEAN UP EXERCISE', '	KMA.18/20/06'),
(296, 57, '	ENVIRONMENTAL HEALTH PROJECTS	', 'KMA.18/20/07'),
(297, 57, '	ENVIRONMENTAL HEALTH PERMITS	', 'KMA.18/20/08'),
(298, 58, '	EMERGENCY PREPAREDNESS AND RESPONSE PLANS	', 'KMA.19/10/01'),
(299, 58, '	DISASTER ACTION RECORDS	', 'KMA.19/10/02'),
(300, 59, '	REFUGEE MGT	', 'KMA.19/20/01'),
(301, 60, '	ALLOCATION & MANAGEMENT OF PUBLIC TOILET	', 'KMA.20/10/01'),
(302, 60, '	ACQUIRING AND MANAGEMENT OF LAND FILL SITES	', 'KMA.20/10/02'),
(303, 60, '	SANITATION ISSUES	', 'KMA.20/10/03'),
(304, 60, '	HOLISTIC REINFORCEMENT FOR SUSTAINABLE DEVELOPMENT (HORESD)	', 'KMA.20/10/03/01'),
(305, 60, '	WATER AND SANITATION	', 'KMA.20/10/04'),
(306, 61, 'WASTE MANAGEMENT OPERATORS	', 'KMA.20/20/01'),
(307, 61, '	MONITORING AND EVALUATION SOLID WASTE	', 'KMA.20/20/02'),
(308, 61, '	MAINTENANCE OF SEWERAGE FACILITIES', '	KMA.20/20/03'),
(309, 61, '	SUPERVISION OF DRAINAGE SYSTEMS CONTRACTORS	', 'KMA.20/20/04'),
(310, 62, 'FORESTRY', '	KMA.21/10/01'),
(311, 63, 'GAME & WILDLIFE	', 'KMA.21/20/01');

-- --------------------------------------------------------

--
-- Table structure for table `users`
--

CREATE TABLE `users` (
  `id` int(11) NOT NULL,
  `name` varchar(100) NOT NULL,
  `email` varchar(150) NOT NULL,
  `password` varchar(100) NOT NULL,
  `usertype` int(5) NOT NULL,
  `branch_id` int(11) NOT NULL DEFAULT 1,
  `created_at` datetime NOT NULL DEFAULT current_timestamp(),
  `userimage` varchar(255) DEFAULT NULL,
  `age` int(11) DEFAULT NULL,
  `gender` enum('Male','Female','Other') DEFAULT NULL,
  `phone_number` varchar(15) DEFAULT NULL,
  `address` text DEFAULT NULL,
  `staffID` varchar(50) DEFAULT NULL,
  `access_key` varchar(60) DEFAULT NULL
) ENGINE=InnoDB DEFAULT CHARSET=utf8mb4 COLLATE=utf8mb4_general_ci;

--
-- Dumping data for table `users`
--

INSERT INTO `users` (`id`, `name`, `email`, `password`, `usertype`, `branch_id`, `created_at`, `userimage`, `age`, `gender`, `phone_number`, `address`, `staffID`) VALUES
(1, 'Admin', 'admin@gmail.com', 'b175cf3e108cc254a2ed035fe15b9550', 1, 1, '2019-11-04 00:00:00', '../../assets/images/user_profiles/samcux.png', 22, 'Male', '0531114854', 'Asafo', 'SamCux');

--
-- Indexes for dumped tables
--

--
-- Indexes for table `departments`
--
ALTER TABLE `branches`
  ADD PRIMARY KEY (`id`),
  ADD UNIQUE KEY `code` (`code`);

ALTER TABLE `departments`
  ADD PRIMARY KEY (`id`);

--
-- Indexes for table `incoming_files`
--
ALTER TABLE `incoming_files`
  ADD PRIMARY KEY (`id`),
  ADD KEY `department_id` (`department_id`),
  ADD KEY `transaction_id` (`transaction_id`);

--
-- Indexes for table `outgoing_files`
--
ALTER TABLE `outgoing_files`
  ADD PRIMARY KEY (`id`);

--
-- Indexes for table `transactions`
--
ALTER TABLE `transactions`
  ADD PRIMARY KEY (`id`),
  ADD KEY `department_id` (`department_id`);

--
-- Indexes for table `users`
--
ALTER TABLE `users`
  ADD PRIMARY KEY (`id`),
  ADD UNIQUE KEY `email` (`email`),
  ADD UNIQUE KEY `staffID` (`staffID`),
  ADD UNIQUE KEY `access_key` (`access_key`);

--
-- AUTO_INCREMENT for dumped tables
--

--
-- AUTO_INCREMENT for table `departments`
--
ALTER TABLE `departments`
  MODIFY `id` int(11) NOT NULL AUTO_INCREMENT, AUTO_INCREMENT=64;

--
-- AUTO_INCREMENT for table `incoming_files`
--
ALTER TABLE `incoming_files`
  MODIFY `id` int(11) NOT NULL AUTO_INCREMENT, AUTO_INCREMENT=16;

--
-- AUTO_INCREMENT for table `outgoing_files`
--
ALTER TABLE `outgoing_files`
  MODIFY `id` int(11) NOT NULL AUTO_INCREMENT, AUTO_INCREMENT=3;

--
-- AUTO_INCREMENT for table `transactions`
--
ALTER TABLE `transactions`
  MODIFY `id` int(11) NOT NULL AUTO_INCREMENT, AUTO_INCREMENT=312;

--
-- AUTO_INCREMENT for table `users`
--
ALTER TABLE `users`
  MODIFY `id` int(11) NOT NULL AUTO_INCREMENT, AUTO_INCREMENT=11;

--
-- Constraints for dumped tables
--

--
-- Constraints for table `incoming_files`
--
ALTER TABLE `incoming_files`
  ADD CONSTRAINT `incoming_files_ibfk_1` FOREIGN KEY (`department_id`) REFERENCES `departments` (`id`),
  ADD CONSTRAINT `incoming_files_ibfk_2` FOREIGN KEY (`transaction_id`) REFERENCES `transactions` (`id`);

--
-- Constraints for table `transactions`
--
ALTER TABLE `transactions`
  ADD CONSTRAINT `transactions_ibfk_1` FOREIGN KEY (`department_id`) REFERENCES `departments` (`id`);
COMMIT;

/*!40101 SET CHARACTER_SET_CLIENT=@OLD_CHARACTER_SET_CLIENT */;
/*!40101 SET CHARACTER_SET_RESULTS=@OLD_CHARACTER_SET_RESULTS */;
/*!40101 SET COLLATION_CONNECTION=@OLD_COLLATION_CONNECTION */;
